Website Name,URL
BBC News #1,https://www.bbc.com/news
CNN #1,https://www.cnn.com
The New York Times #1,https://www.nytimes.com
Reuters #1,https://www.reuters.com
The Guardian #1,https://www.theguardian.com/international
Al Jazeera #1,https://www.aljazeera.com
NBC News #1,https://www.nbcnews.com
Fox News #1,https://www.foxnews.com
CBS News #1,https://www.cbsnews.com
ABC News #1,https://abcnews.go.com
Bloomberg #1,https://www.bloomberg.com
Sky News #1,https://news.sky.com
USA Today #1,https://www.usatoday.com
The Washington Post #1,https://www.washingtonpost.com
Politico #1,https://www.politico.com
NPR #1,https://www.npr.org
Financial Times #1,https://www.ft.com
The Wall Street Journal #1,https://www.wsj.com
The Independent #1,https://www.independent.co.uk
Time #1,https://time.com
BBC News #2,https://www.bbc.com/news
CNN #2,https://www.cnn.com
The New York Times #2,https://www.nytimes.com
Reuters #2,https://www.reuters.com
The Guardian #2,https://www.theguardian.com/international
Al Jazeera #2,https://www.aljazeera.com
NBC News #2,https://www.nbcnews.com
Fox News #2,https://www.foxnews.com
CBS News #2,https://www.cbsnews.com
ABC News #2,https://abcnews.go.com
Bloomberg #2,https://www.bloomberg.com
Sky News #2,https://news.sky.com
USA Today #2,https://www.usatoday.com
The Washington Post #2,https://www.washingtonpost.com
Politico #2,https://www.politico.com
NPR #2,https://www.npr.org
Financial Times #2,https://www.ft.com
The Wall Street Journal #2,https://www.wsj.com
The Independent #2,https://www.independent.co.uk
Time #2,https://time.com
BBC News #3,https://www.bbc.com/news
CNN #3,https://www.cnn.com
The New York Times #3,https://www.nytimes.com
Reuters #3,https://www.reuters.com
The Guardian #3,https://www.theguardian.com/international
Al Jazeera #3,https://www.aljazeera.com
NBC News #3,https://www.nbcnews.com
Fox News #3,https://www.foxnews.com
CBS News #3,https://www.cbsnews.com
ABC News #3,https://abcnews.go.com
Bloomberg #3,https://www.bloomberg.com
Sky News #3,https://news.sky.com
USA Today #3,https://www.usatoday.com
The Washington Post #3,https://www.washingtonpost.com
Politico #3,https://www.politico.com
NPR #3,https://www.npr.org
Financial Times #3,https://www.ft.com
The Wall Street Journal #3,https://www.wsj.com
The Independent #3,https://www.independent.co.uk
Time #3,https://time.com
BBC News #4,https://www.bbc.com/news
CNN #4,https://www.cnn.com
The New York Times #4,https://www.nytimes.com
Reuters #4,https://www.reuters.com
The Guardian #4,https://www.theguardian.com/international
Al Jazeera #4,https://www.aljazeera.com
NBC News #4,https://www.nbcnews.com
Fox News #4,https://www.foxnews.com
CBS News #4,https://www.cbsnews.com
ABC News #4,https://abcnews.go.com
Bloomberg #4,https://www.bloomberg.com
Sky News #4,https://news.sky.com
USA Today #4,https://www.usatoday.com
The Washington Post #4,https://www.washingtonpost.com
Politico #4,https://www.politico.com
NPR #4,https://www.npr.org
Financial Times #4,https://www.ft.com
The Wall Street Journal #4,https://www.wsj.com
The Independent #4,https://www.independent.co.uk
Time #4,https://time.com
BBC News #5,https://www.bbc.com/news
CNN #5,https://www.cnn.com
The New York Times #5,https://www.nytimes.com
Reuters #5,https://www.reuters.com
The Guardian #5,https://www.theguardian.com/international
Al Jazeera #5,https://www.aljazeera.com
NBC News #5,https://www.nbcnews.com
Fox News #5,https://www.foxnews.com
CBS News #5,https://www.cbsnews.com
ABC News #5,https://abcnews.go.com
Bloomberg #5,https://www.bloomberg.com
Sky News #5,https://news.sky.com
USA Today #5,https://www.usatoday.com
The Washington Post #5,https://www.washingtonpost.com
Politico #5,https://www.politico.com
NPR #5,https://www.npr.org
Financial Times #5,https://www.ft.com
The Wall Street Journal #5,https://www.wsj.com
The Independent #5,https://www.independent.co.uk
Time #5,https://time.com
BBC News #6,https://www.bbc.com/news
CNN #6,https://www.cnn.com
The New York Times #6,https://www.nytimes.com
Reuters #6,https://www.reuters.com
The Guardian #6,https://www.theguardian.com/international
Al Jazeera #6,https://www.aljazeera.com
NBC News #6,https://www.nbcnews.com
Fox News #6,https://www.foxnews.com
CBS News #6,https://www.cbsnews.com
ABC News #6,https://abcnews.go.com
Bloomberg #6,https://www.bloomberg.com
Sky News #6,https://news.sky.com
USA Today #6,https://www.usatoday.com
The Washington Post #6,https://www.washingtonpost.com
Politico #6,https://www.politico.com
NPR #6,https://www.npr.org
Financial Times #6,https://www.ft.com
The Wall Street Journal #6,https://www.wsj.com
The Independent #6,https://www.independent.co.uk
Time #6,https://time.com
BBC News #7,https://www.bbc.com/news
CNN #7,https://www.cnn.com
The New York Times #7,https://www.nytimes.com
Reuters #7,https://www.reuters.com
The Guardian #7,https://www.theguardian.com/international
Al Jazeera #7,https://www.aljazeera.com
NBC News #7,https://www.nbcnews.com
Fox News #7,https://www.foxnews.com
CBS News #7,https://www.cbsnews.com
ABC News #7,https://abcnews.go.com
Bloomberg #7,https://www.bloomberg.com
Sky News #7,https://news.sky.com
USA Today #7,https://www.usatoday.com
The Washington Post #7,https://www.washingtonpost.com
Politico #7,https://www.politico.com
NPR #7,https://www.npr.org
Financial Times #7,https://www.ft.com
The Wall Street Journal #7,https://www.wsj.com
The Independent #7,https://www.independent.co.uk
Time #7,https://time.com
BBC News #8,https://www.bbc.com/news
CNN #8,https://www.cnn.com
The New York Times #8,https://www.nytimes.com
Reuters #8,https://www.reuters.com
The Guardian #8,https://www.theguardian.com/international
Al Jazeera #8,https://www.aljazeera.com
NBC News #8,https://www.nbcnews.com
Fox News #8,https://www.foxnews.com
CBS News #8,https://www.cbsnews.com
ABC News #8,https://abcnews.go.com
Bloomberg #8,https://www.bloomberg.com
Sky News #8,https://news.sky.com
USA Today #8,https://www.usatoday.com
The Washington Post #8,https://www.washingtonpost.com
Politico #8,https://www.politico.com
NPR #8,https://www.npr.org
Financial Times #8,https://www.ft.com
The Wall Street Journal #8,https://www.wsj.com
The Independent #8,https://www.independent.co.uk
Time #8,https://time.com
BBC News #9,https://www.bbc.com/news
CNN #9,https://www.cnn.com
The New York Times #9,https://www.nytimes.com
Reuters #9,https://www.reuters.com
The Guardian #9,https://www.theguardian.com/international
Al Jazeera #9,https://www.aljazeera.com
NBC News #9,https://www.nbcnews.com
Fox News #9,https://www.foxnews.com
CBS News #9,https://www.cbsnews.com
ABC News #9,https://abcnews.go.com
Bloomberg #9,https://www.bloomberg.com
Sky News #9,https://news.sky.com
USA Today #9,https://www.usatoday.com
The Washington Post #9,https://www.washingtonpost.com
Politico #9,https://www.politico.com
NPR #9,https://www.npr.org
Financial Times #9,https://www.ft.com
The Wall Street Journal #9,https://www.wsj.com
The Independent #9,https://www.independent.co.uk
Time #9,https://time.com
BBC News #10,https://www.bbc.com/news
CNN #10,https://www.cnn.com
The New York Times #10,https://www.nytimes.com
Reuters #10,https://www.reuters.com
The Guardian #10,https://www.theguardian.com/international
Al Jazeera #10,https://www.aljazeera.com
NBC News #10,https://www.nbcnews.com
Fox News #10,https://www.foxnews.com
CBS News #10,https://www.cbsnews.com
ABC News #10,https://abcnews.go.com
Bloomberg #10,https://www.bloomberg.com
Sky News #10,https://news.sky.com
USA Today #10,https://www.usatoday.com
The Washington Post #10,https://www.washingtonpost.com
Politico #10,https://www.politico.com
NPR #10,https://www.npr.org
Financial Times #10,https://www.ft.com
The Wall Street Journal #10,https://www.wsj.com
The Independent #10,https://www.independent.co.uk
Time #10,https://time.com
BBC News #11,https://www.bbc.com/news
CNN #11,https://www.cnn.com
The New York Times #11,https://www.nytimes.com
Reuters #11,https://www.reuters.com
The Guardian #11,https://www.theguardian.com/international
Al Jazeera #11,https://www.aljazeera.com
NBC News #11,https://www.nbcnews.com
Fox News #11,https://www.foxnews.com
CBS News #11,https://www.cbsnews.com
ABC News #11,https://abcnews.go.com
Bloomberg #11,https://www.bloomberg.com
Sky News #11,https://news.sky.com
USA Today #11,https://www.usatoday.com
The Washington Post #11,https://www.washingtonpost.com
Politico #11,https://www.politico.com
NPR #11,https://www.npr.org
Financial Times #11,https://www.ft.com
The Wall Street Journal #11,https://www.wsj.com
The Independent #11,https://www.independent.co.uk
Time #11,https://time.com
BBC News #12,https://www.bbc.com/news
CNN #12,https://www.cnn.com
The New York Times #12,https://www.nytimes.com
Reuters #12,https://www.reuters.com
The Guardian #12,https://www.theguardian.com/international
Al Jazeera #12,https://www.aljazeera.com
NBC News #12,https://www.nbcnews.com
Fox News #12,https://www.foxnews.com
CBS News #12,https://www.cbsnews.com
ABC News #12,https://abcnews.go.com
Bloomberg #12,https://www.bloomberg.com
Sky News #12,https://news.sky.com
USA Today #12,https://www.usatoday.com
The Washington Post #12,https://www.washingtonpost.com
Politico #12,https://www.politico.com
NPR #12,https://www.npr.org
Financial Times #12,https://www.ft.com
The Wall Street Journal #12,https://www.wsj.com
The Independent #12,https://www.independent.co.uk
Time #12,https://time.com
BBC News #13,https://www.bbc.com/news
CNN #13,https://www.cnn.com
The New York Times #13,https://www.nytimes.com
Reuters #13,https://www.reuters.com
The Guardian #13,https://www.theguardian.com/international
Al Jazeera #13,https://www.aljazeera.com
NBC News #13,https://www.nbcnews.com
Fox News #13,https://www.foxnews.com
CBS News #13,https://www.cbsnews.com
ABC News #13,https://abcnews.go.com
Bloomberg #13,https://www.bloomberg.com
Sky News #13,https://news.sky.com
USA Today #13,https://www.usatoday.com
The Washington Post #13,https://www.washingtonpost.com
Politico #13,https://www.politico.com
NPR #13,https://www.npr.org
Financial Times #13,https://www.ft.com
The Wall Street Journal #13,https://www.wsj.com
The Independent #13,https://www.independent.co.uk
Time #13,https://time.com
BBC News #14,https://www.bbc.com/news
CNN #14,https://www.cnn.com
The New York Times #14,https://www.nytimes.com
Reuters #14,https://www.reuters.com
The Guardian #14,https://www.theguardian.com/international
Al Jazeera #14,https://www.aljazeera.com
NBC News #14,https://www.nbcnews.com
Fox News #14,https://www.foxnews.com
CBS News #14,https://www.cbsnews.com
ABC News #14,https://abcnews.go.com
Bloomberg #14,https://www.bloomberg.com
Sky News #14,https://news.sky.com
USA Today #14,https://www.usatoday.com
The Washington Post #14,https://www.washingtonpost.com
Politico #14,https://www.politico.com
NPR #14,https://www.npr.org
Financial Times #14,https://www.ft.com
The Wall Street Journal #14,https://www.wsj.com
The Independent #14,https://www.independent.co.uk
Time #14,https://time.com
BBC News #15,https://www.bbc.com/news
CNN #15,https://www.cnn.com
The New York Times #15,https://www.nytimes.com
Reuters #15,https://www.reuters.com
The Guardian #15,https://www.theguardian.com/international
Al Jazeera #15,https://www.aljazeera.com
NBC News #15,https://www.nbcnews.com
Fox News #15,https://www.foxnews.com
CBS News #15,https://www.cbsnews.com
ABC News #15,https://abcnews.go.com
Bloomberg #15,https://www.bloomberg.com
Sky News #15,https://news.sky.com
USA Today #15,https://www.usatoday.com
The Washington Post #15,https://www.washingtonpost.com
Politico #15,https://www.politico.com
NPR #15,https://www.npr.org
Financial Times #15,https://www.ft.com
The Wall Street Journal #15,https://www.wsj.com
The Independent #15,https://www.independent.co.uk
Time #15,https://time.com
BBC News #16,https://www.bbc.com/news
CNN #16,https://www.cnn.com
The New York Times #16,https://www.nytimes.com
Reuters #16,https://www.reuters.com
The Guardian #16,https://www.theguardian.com/international
Al Jazeera #16,https://www.aljazeera.com
NBC News #16,https://www.nbcnews.com
Fox News #16,https://www.foxnews.com
CBS News #16,https://www.cbsnews.com
ABC News #16,https://abcnews.go.com
Bloomberg #16,https://www.bloomberg.com
Sky News #16,https://news.sky.com
USA Today #16,https://www.usatoday.com
The Washington Post #16,https://www.washingtonpost.com
Politico #16,https://www.politico.com
NPR #16,https://www.npr.org
Financial Times #16,https://www.ft.com
The Wall Street Journal #16,https://www.wsj.com
The Independent #16,https://www.independent.co.uk
Time #16,https://time.com
BBC News #17,https://www.bbc.com/news
CNN #17,https://www.cnn.com
The New York Times #17,https://www.nytimes.com
Reuters #17,https://www.reuters.com
The Guardian #17,https://www.theguardian.com/international
Al Jazeera #17,https://www.aljazeera.com
NBC News #17,https://www.nbcnews.com
Fox News #17,https://www.foxnews.com
CBS News #17,https://www.cbsnews.com
ABC News #17,https://abcnews.go.com
Bloomberg #17,https://www.bloomberg.com
Sky News #17,https://news.sky.com
USA Today #17,https://www.usatoday.com
The Washington Post #17,https://www.washingtonpost.com
Politico #17,https://www.politico.com
NPR #17,https://www.npr.org
Financial Times #17,https://www.ft.com
The Wall Street Journal #17,https://www.wsj.com
The Independent #17,https://www.independent.co.uk
Time #17,https://time.com
BBC News #18,https://www.bbc.com/news
CNN #18,https://www.cnn.com
The New York Times #18,https://www.nytimes.com
Reuters #18,https://www.reuters.com
The Guardian #18,https://www.theguardian.com/international
Al Jazeera #18,https://www.aljazeera.com
NBC News #18,https://www.nbcnews.com
Fox News #18,https://www.foxnews.com
CBS News #18,https://www.cbsnews.com
ABC News #18,https://abcnews.go.com
Bloomberg #18,https://www.bloomberg.com
Sky News #18,https://news.sky.com
USA Today #18,https://www.usatoday.com
The Washington Post #18,https://www.washingtonpost.com
Politico #18,https://www.politico.com
NPR #18,https://www.npr.org
Financial Times #18,https://www.ft.com
The Wall Street Journal #18,https://www.wsj.com
The Independent #18,https://www.independent.co.uk
Time #18,https://time.com
BBC News #19,https://www.bbc.com/news
CNN #19,https://www.cnn.com
The New York Times #19,https://www.nytimes.com
Reuters #19,https://www.reuters.com
The Guardian #19,https://www.theguardian.com/international
Al Jazeera #19,https://www.aljazeera.com
NBC News #19,https://www.nbcnews.com
Fox News #19,https://www.foxnews.com
CBS News #19,https://www.cbsnews.com
ABC News #19,https://abcnews.go.com
Bloomberg #19,https://www.bloomberg.com
Sky News #19,https://news.sky.com
USA Today #19,https://www.usatoday.com
The Washington Post #19,https://www.washingtonpost.com
Politico #19,https://www.politico.com
NPR #19,https://www.npr.org
Financial Times #19,https://www.ft.com
The Wall Street Journal #19,https://www.wsj.com
The Independent #19,https://www.independent.co.uk
Time #19,https://time.com
BBC News #20,https://www.bbc.com/news
CNN #20,https://www.cnn.com
The New York Times #20,https://www.nytimes.com
Reuters #20,https://www.reuters.com
The Guardian #20,https://www.theguardian.com/international
Al Jazeera #20,https://www.aljazeera.com
NBC News #20,https://www.nbcnews.com
Fox News #20,https://www.foxnews.com
CBS News #20,https://www.cbsnews.com
ABC News #20,https://abcnews.go.com
Bloomberg #20,https://www.bloomberg.com
Sky News #20,https://news.sky.com
USA Today #20,https://www.usatoday.com
The Washington Post #20,https://www.washingtonpost.com
Politico #20,https://www.politico.com
NPR #20,https://www.npr.org
Financial Times #20,https://www.ft.com
The Wall Street Journal #20,https://www.wsj.com
The Independent #20,https://www.independent.co.uk
Time #20,https://time.com
BBC News #21,https://www.bbc.com/news
CNN #21,https://www.cnn.com
The New York Times #21,https://www.nytimes.com
Reuters #21,https://www.reuters.com
The Guardian #21,https://www.theguardian.com/international
Al Jazeera #21,https://www.aljazeera.com
NBC News #21,https://www.nbcnews.com
Fox News #21,https://www.foxnews.com
CBS News #21,https://www.cbsnews.com
ABC News #21,https://abcnews.go.com
Bloomberg #21,https://www.bloomberg.com
Sky News #21,https://news.sky.com
USA Today #21,https://www.usatoday.com
The Washington Post #21,https://www.washingtonpost.com
Politico #21,https://www.politico.com
NPR #21,https://www.npr.org
Financial Times #21,https://www.ft.com
The Wall Street Journal #21,https://www.wsj.com
The Independent #21,https://www.independent.co.uk
Time #21,https://time.com
BBC News #22,https://www.bbc.com/news
CNN #22,https://www.cnn.com
The New York Times #22,https://www.nytimes.com
Reuters #22,https://www.reuters.com
The Guardian #22,https://www.theguardian.com/international
Al Jazeera #22,https://www.aljazeera.com
NBC News #22,https://www.nbcnews.com
Fox News #22,https://www.foxnews.com
CBS News #22,https://www.cbsnews.com
ABC News #22,https://abcnews.go.com
Bloomberg #22,https://www.bloomberg.com
Sky News #22,https://news.sky.com
USA Today #22,https://www.usatoday.com
The Washington Post #22,https://www.washingtonpost.com
Politico #22,https://www.politico.com
NPR #22,https://www.npr.org
Financial Times #22,https://www.ft.com
The Wall Street Journal #22,https://www.wsj.com
The Independent #22,https://www.independent.co.uk
Time #22,https://time.com
BBC News #23,https://www.bbc.com/news
CNN #23,https://www.cnn.com
The New York Times #23,https://www.nytimes.com
Reuters #23,https://www.reuters.com
The Guardian #23,https://www.theguardian.com/international
Al Jazeera #23,https://www.aljazeera.com
NBC News #23,https://www.nbcnews.com
Fox News #23,https://www.foxnews.com
CBS News #23,https://www.cbsnews.com
ABC News #23,https://abcnews.go.com
Bloomberg #23,https://www.bloomberg.com
Sky News #23,https://news.sky.com
USA Today #23,https://www.usatoday.com
The Washington Post #23,https://www.washingtonpost.com
Politico #23,https://www.politico.com
NPR #23,https://www.npr.org
Financial Times #23,https://www.ft.com
The Wall Street Journal #23,https://www.wsj.com
The Independent #23,https://www.independent.co.uk
Time #23,https://time.com
BBC News #24,https://www.bbc.com/news
CNN #24,https://www.cnn.com
The New York Times #24,https://www.nytimes.com
Reuters #24,https://www.reuters.com
The Guardian #24,https://www.theguardian.com/international
Al Jazeera #24,https://www.aljazeera.com
NBC News #24,https://www.nbcnews.com
Fox News #24,https://www.foxnews.com
CBS News #24,https://www.cbsnews.com
ABC News #24,https://abcnews.go.com
Bloomberg #24,https://www.bloomberg.com
Sky News #24,https://news.sky.com
USA Today #24,https://www.usatoday.com
The Washington Post #24,https://www.washingtonpost.com
Politico #24,https://www.politico.com
NPR #24,https://www.npr.org
Financial Times #24,https://www.ft.com
The Wall Street Journal #24,https://www.wsj.com
The Independent #24,https://www.independent.co.uk
Time #24,https://time.com
BBC News #25,https://www.bbc.com/news
CNN #25,https://www.cnn.com
The New York Times #25,https://www.nytimes.com
Reuters #25,https://www.reuters.com
The Guardian #25,https://www.theguardian.com/international
Al Jazeera #25,https://www.aljazeera.com
NBC News #25,https://www.nbcnews.com
Fox News #25,https://www.foxnews.com
CBS News #25,https://www.cbsnews.com
ABC News #25,https://abcnews.go.com
Bloomberg #25,https://www.bloomberg.com
Sky News #25,https://news.sky.com
USA Today #25,https://www.usatoday.com
The Washington Post #25,https://www.washingtonpost.com
Politico #25,https://www.politico.com
NPR #25,https://www.npr.org
Financial Times #25,https://www.ft.com
The Wall Street Journal #25,https://www.wsj.com
The Independent #25,https://www.independent.co.uk
Time #25,https://time.com
